<?xml version="1.0" encoding="UTF-8"?>
<Level>
   <GameBoard>
      <GridSize x="5" y="5" />
   </GameBoard>
   <Vortexes>
      <Vortex>
         <Location/>
         <Destination/>
      </Vortex>
   </Vortexes>
   <Opponents startWaitTime="2000" avoidObstacleCollision="true" avoidOpponentCollision="true" opponentWaitTime="800" waitTimeRandom="true">
         <Opponent x="4" y="2"/>
         <Opponent />
   </Opponents>
   <Ammo value="1" startAmount="3">
   		<Location/>
   </Ammo>
   <Obstacles>
   		<Obstacle x="1" y="1"/>
   		<Obstacle x="1" y="2"/>
   		<Obstacle x="1" y="3"/>
   		<Obstacle x="2" y="1"/>
   		<Obstacle x="2" y="3"/>
   </Obstacles>
</Level>